<?xml version="1.0" encoding="UTF-8"?>
<project-private xmlns="http://www.netbeans.org/ns/project-private/1">
    <editor-bookmarks xmlns="http://www.netbeans.org/ns/editor-bookmarks/2" lastBookmarkId="0"/>
    <open-files xmlns="http://www.netbeans.org/ns/projectui-open-files/2">
        <group name="Grupo de atividades">
            <file>file:/C:/Users/dev_noite/Desktop/Guilherme%20e%20Igor/Atividade3/src/atividade3/Televisor.java</file>
            <file>file:/C:/Users/dev_noite/Desktop/Guilherme%20e%20Igor/Atividade3/src/atividade3/Atividade3.java</file>
        </group>
    </open-files>
</project-private>
