<?xml version="1.0" encoding="UTF-8"?>
<project-private xmlns="http://www.netbeans.org/ns/project-private/1">
    <editor-bookmarks xmlns="http://www.netbeans.org/ns/editor-bookmarks/2" lastBookmarkId="0"/>
    <open-files xmlns="http://www.netbeans.org/ns/projectui-open-files/2">
        <group name="Grupo de atividades">
            <file>file:/C:/Users/dev_noite/Desktop/Guilherme/Atividade02/src/atividade02/Atividade02.java</file>
            <file>file:/C:/Users/dev_noite/Desktop/Guilherme/Atividade02/src/atividade02/ContaCorrente.java</file>
        </group>
    </open-files>
</project-private>
